Item,Bucket,Stimulus,Mean Age,SD,trustworthy,attractive,dominant,smart,age,gender,weight,typical,happy,familiar,outgoing,memorable,well-groomed,long-haired,smug,dorky,skin-color,hair-color,alert,cute,privileged,liberal,asian,middle-eastern,hispanic,islander,native,black,white,looks-like-you,gay,electable,godly,outdoors
1,20-30,4,24.77777778,7.02880078,64.05319149,65.5,47.19444444,54.7,24.77777778,9.526315789,32.375,44.02439024,59.52631579,41.02380952,54.8974359,62.21212121,81.14634146,50.5,36,20.325,60.95454545,93.83783784,56.775,70.94736842,49.225,62.44736842,57.64102564,73.34210526,61.66666667,60.35294118,49.8245614,72.55263158,3.315789474,10.5,20.36585366,57.17948718,62.05128205,16.56097561
2,20-30,15,21.475,3.882818828,39.30769231,37.89473684,60.33333333,49.02857143,21.475,73.60465116,33,44.675,28.71052632,41.30769231,31.92682927,55.31578947,62.75,25.27027027,60.21428571,38.77777778,55.025,90.72222222,48.15384615,37.89473684,34.08333333,50.91666667,93.37837838,32,30.13157895,72.42857143,58.04545455,20.97560976,6.727272727,12.54761905,34.87804878,26.02857143,39.89473684,20.05128205
3,20-30,17,23.23076923,6.595299516,45.2,42.88571429,55.55555556,47.97368421,23.23076923,73.35897436,34.825,53.225,34.65714286,42.42857143,36.44186047,49.75,63.66666667,19.07894737,50.44186047,41.64864865,12.94117647,65,57.57894737,34.78947368,54.51351351,52.64102564,2.264705882,41.51351351,32.97368421,17.95454545,31.39344262,6.848484848,80.83783784,21.36585366,42.11111111,37.39393939,48.325,84.19512195
4,20-30,18,26.1,5.877143552,55.82978723,61.54285714,47.08333333,54.58333333,26.1,12.17948718,34.43243243,45.38888889,60.61290323,41.35,55.92682927,61.6,78.30769231,76.97142857,36.65853659,24.77777778,61.89473684,90.34285714,55.91176471,54.82926829,39.44736842,70.13513514,49.63636364,77.48648649,58.15,71.925,46.98360656,74.625,3.951219512,14.91836735,27.43243243,43.87878788,65.78947368,18.30555556
5,20-30,19,24.89130435,4.180527669,73.86363636,74.3,50.8,62.125,24.89130435,11.5,36,72.61904762,67.68421053,62.12820513,65.30769231,55.21875,83.31428571,57.18181818,29.52272727,17.05,17.34210526,66,66.14285714,71.44736842,73.78947368,55.43243243,0.837837838,19.675,12.09090909,11.58139535,11.984375,4.871794872,94.45945946,18.48837209,27.4,59.20588235,70.88095238,15.12820513
6,20-30,20,25.75,5.40510095,56.51612903,41.13513514,50.52631579,52.67567568,25.75,60.78378378,52.26315789,47.625,67.81081081,40.40909091,68.23809524,54.19354839,72.88888889,21.87878788,36.0625,49.1025641,71.38888889,88.27777778,65.27777778,43.10810811,36.41025641,71.5952381,14.05555556,65.52777778,45.84210526,44.90697674,24.390625,90.525,2.264705882,7.288888889,75.37142857,43.91666667,67.05263158,9.65
7,20-30,21,27.64102564,5.635821425,55.74712644,57.86111111,50.2972973,52.30952381,27.64102564,13.925,50.38095238,61.16666667,48.95,41.56410256,42.89473684,40.8974359,75.02702703,76.80555556,45.52,23.225,16.94285714,61.04878049,44.84848485,58,53.11428571,54.3,44.73684211,29.44736842,52.40540541,51.3902439,48.78688525,12.10526316,51.52777778,19.19047619,25.475,49,61.82926829,34.76315789
8,20-30,26,26.9,7.834178896,52.24418605,66.45238095,53.88888889,46.20512821,26.9,7.263157895,33.88372093,52.36363636,56.08108108,45.66666667,54.82926829,61.77142857,84.94736842,65.19444444,51.34042553,21.675,30.43589744,23.97435897,62.54285714,69,71.28205128,63.02777778,17.75,48.71052632,57.37837838,44.26829268,31.484375,24.57894737,52.36111111,14.3902439,28.15384615,43.15384615,62.53488372,24.13157895
9,20-30,28,29.43902439,4.53899097,40.54545455,48.75,67.25,59.36111111,29.43902439,79.4,40.1,55.52272727,40.18604651,46.55263158,46.57777778,44.65714286,66.41025641,21.84210526,61.86666667,37.42105263,26.44444444,93.26190476,50.475,36.32432432,54,47.05714286,30.8974359,68.92682927,65.73529412,40.14634146,42.19672131,15.37837838,42.13888889,18.14285714,49.35897436,57.30555556,52.58333333,19.3
10,20-30,32,28.41860465,5.811452397,71.36904762,66.26315789,43.93939394,61.76315789,28.41860465,8.692307692,45.48648649,58.94871795,76.42105263,50.81081081,71.2195122,55.61111111,82.18918919,80.6744186,23.75,16.52941176,42.8974359,54.48717949,72.2972973,74.89473684,59.84210526,65.91176471,52.07692308,52.94594595,77.60526316,60.34146341,70.37704918,32.42105263,27.77777778,14.58974359,27.02702703,68.3125,71.5,40.88888889
11,20-30,44,23.79545455,7.063102769,47.74444444,37.22222222,53.1025641,57.52380952,23.79545455,70.6,55.8,42.59090909,49.05714286,29.61764706,50.85714286,43.625,66.97142857,27.95238095,77.08108108,46.46153846,47.79411765,92.32352941,51.13157895,30.16216216,48.79411765,55.05714286,95.02941176,29.19512195,40.36842105,78.32608696,67.578125,17.47222222,10.16666667,14,43.02631579,39.14705882,56.97297297,81.25714286
12,20-30,46,23.86363636,3.980130354,57.24468085,62.71052632,51.425,66.43243243,23.86363636,79.33333333,31.42857143,69.07692308,70.25,50.97368421,69.3255814,59,76.48648649,27.3,46.05405405,31.86111111,27.22222222,89.97058824,66.42424242,52.35897436,75.05714286,38.56756757,30.90243902,52.58536585,61.375,41.57142857,37.38333333,11.21212121,64.72727273,26.19565217,50.32352941,69.375,62.43243243,11.2
13,30-40,2,31.3,5.845807847,65,59.75,48.66666667,57.89189189,31.3,12.56097561,48.275,49.20930233,75.77142857,44.09756098,77.80952381,61.21621622,78.38461538,73.16666667,30.31578947,29.35714286,60.66666667,88.10810811,66.72222222,60.42857143,42.21621622,74.97368421,43.85,76.69444444,70.325,63.23684211,54.56451613,72.73529412,4.880952381,13.46511628,31.41463415,66.18421053,62.80952381,57.51351351
14,30-40,7,30.07317073,5.135125334,48.52747253,51.19512195,62.22857143,47.11764706,30.07317073,77.9,39.975,72.68292683,38.75,53.9,48.13636364,42.44444444,56.30952381,16.02857143,49.69047619,32.15384615,12.43589744,69.41666667,47.43243243,39.81081081,70.65714286,40.71428571,2.818181818,16.36842105,17.3902439,11.54054054,14.53448276,3.891891892,93.48837209,32.68181818,43.97619048,42.89189189,52.48648649,83.97619048
15,30-40,14,31.19047619,5.810999222,62.28571429,58.51282051,50.66666667,63.5,31.19047619,74.61538462,35.42857143,81.425,77.45945946,58.81081081,74.23809524,42.02777778,81.13888889,22.77777778,31.46666667,36.74285714,12.525,58.88888889,72.33333333,49.93939394,73,50.8974359,1.65,13.41463415,22.78378378,10.63636364,14.82758621,2.722222222,88.86111111,33.31818182,42.16666667,69.73684211,70.95121951,9.375
16,30-40,22,38.21428571,7.263459212,56.09195402,42.94285714,49.97222222,45.33333333,38.21428571,56.2,43.8974359,52.83333333,66.40540541,44.5,58.66666667,47.86111111,63.72972973,53.13513514,39.23913043,39.30952381,12.61111111,23.9,61.12820513,35.89473684,64.89473684,70.78947368,1.923076923,10.78571429,9.264705882,12.87804878,16.70967742,4.027027027,93,24.31914894,54.82051282,34.52631579,43.05,87.21052632
17,30-40,27,35.81578947,5.867248829,68.59139785,55.57142857,47.83333333,58.94594595,35.81578947,12.13513514,51.37837838,61.06976744,77.25714286,44.475,72.22916667,47.94736842,78.35897436,76.25,27.06818182,26.83333333,31.44444444,52.35897436,71.44444444,53.17948718,55.6,57.275,41.51351351,38.62790698,66.91428571,55.36842105,57.27419355,13.21052632,46.3,16.46666667,27.97222222,63.08333333,65.08571429,57.65789474
18,30-40,29,32.86666667,5.899152482,48.83950617,39.41463415,62.45714286,48.375,32.86666667,87.35897436,62.28947368,53.125,55.03030303,48.05263158,48.48780488,46.63157895,46.12121212,22.20512821,60.875,31.77777778,40.45945946,89.97142857,46.66666667,31.08333333,49.19444444,58.26829268,17.02631579,84.3902439,64,36.05405405,34.17741935,19.61111111,36.28947368,19.17948718,28.54054054,49.24242424,55.65789474,14.05128205
19,30-40,39,36.61363636,6.240214327,62.79775281,54.02564103,48.84210526,51.94871795,36.61363636,12.25,61.33333333,65.90697674,69.54054054,53.35135135,66.20512821,44.85365854,72.35714286,69.66666667,31.68421053,21.22857143,13.94117647,62.18421053,63.13888889,52.62162162,62.85714286,47.89473684,4.815789474,23.325,22.92307692,13.975,19,4.055555556,88.26470588,17.90697674,28.91176471,61.82051282,69.60526316,39.68292683
20,30-40,41,37.97435897,6.34319851,39.71264368,40.57142857,58.61538462,32.47222222,37.97435897,83.70731707,39.97222222,58,51.83333333,48.61904762,64,49.87804878,45.18421053,23.58333333,52.68292683,53.17142857,20.88888889,81.9375,51,24.51351351,65.97368421,51.17647059,2.648648649,33.30232558,32.05128205,15.95348837,21.33870968,9.763157895,82.03125,22.15909091,52.60606061,27.625,49.13157895,9
21,30-40,42,33.2826087,5.264822645,66.41111111,56.91176471,45.57894737,58.75675676,33.2826087,11.53658537,57.11428571,59.07317073,58.67567568,50.06818182,48.53846154,41.88888889,77.18421053,50.61111111,45.4,17.69444444,62.56410256,91.88888889,56.86842105,57.02631579,44.51351351,69.72222222,57.60526316,65.25641026,65.2,71.34090909,59.54237288,73.91176471,3.923076923,15.78571429,28.32432432,57.62162162,71.97368421,74.47368421
22,30-40,56,31.3902439,5.95347818,54.58695652,55.925,51.94285714,43.36111111,31.3902439,12.5,55.72222222,41.02564103,74.7027027,37.9,76.56410256,65.34210526,75.05714286,65.84210526,42.24324324,36.78787879,62.45714286,90.32432432,67.31428571,61.10526316,57.10810811,66.94594595,45.57142857,77.69444444,69.85,63.72972973,49.01785714,54,7.171428571,15.02439024,36.11111111,49.6,61.26315789,12.97142857
23,30-40,45,31.85365854,4.88651704,51.88372093,39.02702703,57.41025641,47.05263158,31.85365854,86.05128205,36.82352941,58.75555556,52.25714286,53.18918919,56.53333333,54.5,58.79487179,13.875,41.55263158,22.25,85.4,91.55,58.89473684,36.075,33.47368421,71.51428571,4.459459459,60.75,28.24242424,24.73684211,10.8030303,97.16216216,3,13.075,39.14285714,34.28947368,64.15384615,19.57575758
24,30-40,58,34.61904762,6.024148076,62.94565217,59.71428571,50.38461538,53.78378378,34.61904762,17.05,57.24324324,61.06818182,56.2,50.05405405,58.58139535,53.5,79.12820513,44.83333333,40.60526316,23.71428571,13.58333333,23.79411765,63.68571429,60.26315789,65.05882353,53.64864865,6.717948718,29.35135135,34.02857143,15.25,18.36206897,5.947368421,81.47368421,16.72727273,45.28205128,63.56097561,70.36111111,35
25,40-50,5,44.53488372,6.337149867,69.57731959,50.7027027,56.25714286,61.52777778,44.53488372,14.65,40.25,70.18421053,82.6,50.24324324,69.4,51.16216216,76.12820513,46.89189189,26.34285714,28.89189189,16.97297297,62.71052632,71.02857143,48.64864865,62.78378378,50.02857143,1.461538462,13.91891892,14.16216216,15.12121212,10.91071429,3.702702703,88.84210526,19,21.78378378,70.88888889,71.83333333,20.77777778
26,40-50,6,43.59090909,6.807376921,30.06382979,31.69230769,59.45945946,24.75675676,43.59090909,73.1025641,43.475,46,32.65789474,36.5,43.69047619,47.73529412,38.45,28.92307692,63.85365854,39.73684211,17.91891892,31.59459459,30.57575758,15.21052632,46.97435897,76.64864865,0.885714286,12.16216216,9.75,16.57894737,19.47457627,5.333333333,90.69444444,25.9047619,76.97435897,20.67647059,29.75,65.65
27,40-50,10,47.27272727,6.244490172,45.47916667,34.58536585,63.71428571,54,47.27272727,83.66666667,55.82857143,47.80487805,24.13157895,37.62857143,30.21428571,49.59459459,33.92105263,20.65714286,42.27777778,39.95121951,46.38888889,80.77777778,42.18918919,18.325,33.73529412,60.575,17.55,73.94444444,74.88571429,41.55263158,52.83333333,25.14705882,26.85294118,17.88095238,19.85714286,41.79411765,56.27027027,25.84210526
28,40-50,11,40.57142857,6.857941301,67.18,47.71428571,59.61538462,67.71428571,40.57142857,31.72972973,29.92105263,51.13157895,65.0625,40.78378378,58.21428571,55.61111111,73.86842105,24.74285714,28.30555556,25.64864865,26.10810811,55.14705882,64.38888889,45.84848485,45.09090909,64.31578947,90.04878049,19.72972973,25.125,56.10526316,50.56451613,10.16216216,28.31578947,13.64,65.17391304,65.27272727,52.89189189,39.08108108
29,40-50,13,46.04761905,5.328031627,59.3956044,41.37837838,65.575,47.51515152,46.04761905,85.65,65.36842105,64.92857143,71.75675676,53.9,63.97560976,49.91428571,34.74358974,19.44736842,33.70833333,32.56756757,18.73684211,66.53846154,63.81818182,30.96969697,54.73170732,49,0.972972973,23.13513514,22.61538462,13.60465116,14.43333333,6.675,88.33333333,32.525,20.86046512,52.78947368,57.18421053,88.69230769
30,40-50,23,42.47727273,5.271638183,48.97727273,45.2195122,68.29268293,56.025,42.47727273,80,36.9047619,71.47619048,55.62857143,45.425,54.84444444,33.775,70.36585366,22.21621622,50.80434783,36.66666667,21.13513514,71.91666667,57.4,26.28571429,67.29411765,42.275,16.30769231,41.69230769,59,35.43902439,37.96774194,5.025,62.51515152,25.43181818,34,72.76470588,64.10810811,18.43589744
31,40-50,25,44.79545455,5.757016126,63.30107527,56.43243243,58.80487805,63.25714286,44.79545455,10.70454545,37.61764706,70.81578947,69.75675676,58.16666667,68.14634146,42.22580645,78.1,72.05882353,33.18181818,16.35897436,23,41.34210526,64.37837838,49.1025641,71.23684211,49.62162162,2.097560976,22.71794872,26.71428571,14.15384615,16.24615385,4.794117647,88.28205128,14.95,23.15789474,71.94285714,73.9,76.87179487
32,40-50,30,46.53658537,8.375850885,63.27058824,43.97674419,48.63888889,50.68421053,46.53658537,18.92307692,49.39473684,68.61538462,82.47368421,52,71.5952381,37.80487805,60.70731707,60.30555556,31.20833333,32.60526316,15.15789474,37.14285714,73.70731707,44.23684211,62.61764706,48.92307692,0.972222222,11,10.2972973,10.975,9.779661017,3.974358974,92.64864865,17.35555556,29.23076923,50.85,65.59459459,71.58823529
33,40-50,35,40.81395349,6.299114881,31.67857143,43.54285714,70.75675676,40.05263158,40.81395349,87.23076923,35.9,56.77272727,26.125,48.78947368,43.58,54.29411765,56.58823529,24.29411765,64.82051282,33.14285714,21.35294118,73.08108108,71.24324324,29.85365854,63.79411765,41.39473684,1.916666667,35.76315789,44.30555556,18.21052632,17.078125,6.761904762,80.74285714,24.0952381,31.14285714,49,41.2972973,16.91666667
34,40-50,36,41.55813953,7.423586367,43.31325301,41.52777778,59.11428571,64.73809524,41.55813953,77.09756098,27.37142857,52.64285714,49.68421053,37.48717949,43.20930233,38.26470588,67.94444444,23.02941176,67.13513514,41.96969697,17,91.44736842,56.09302326,25.10526316,75.5,43.65789474,10.27777778,51.30769231,47.02857143,19.74358974,30.34920635,10.02564103,72.55555556,23.81818182,53.05555556,76.10526316,57.05,18.71428571
35,40-50,101,47.93181818,8.869591971,73.075,47.31428571,36.63636364,52.89361702,47.93181818,21.18181818,50.32352941,67,68.65853659,40.58333333,62.11111111,44.78947368,61.92307692,50.58974359,27.76470588,40.7,7.886363636,9.323529412,63.03030303,40.1025641,64.31428571,52.26470588,3.35,9.75,14.05882353,8.25,11.97560976,2.405405405,93.89473684,21.05405405,43.31914894,56.35135135,71.41666667,91.125
36,40-50,72,43.13953488,7.163337196,46.59302326,49.38888889,63.22857143,51.02857143,43.13953488,17.52631579,52.51351351,53.66666667,27.89473684,42.61764706,38.39473684,47.48571429,76.86842105,58.65714286,44.05128205,21.37837838,28.88235294,70.63888889,42.40540541,39.69230769,62.2,53.60526316,16.44444444,61.48717949,60.08108108,41.72916667,35.890625,20.68571429,45.38461538,15.68292683,28.5,58.05882353,63.1875,15.07692308
37,50-60,1,50.40425532,5.940500544,43.67307692,46.55263158,79.77142857,55.40540541,50.40425532,86.89189189,38.11904762,66.73684211,18.97058824,54.52380952,31.19047619,39.37142857,48.5,15.08823529,51.48717949,24.88372093,15.74285714,49.22222222,62.14285714,20.61538462,65.66666667,34.05263158,1.666666667,19.60606061,18.82857143,12.47058824,13.92592593,5.105263158,92.97058824,31.42857143,20.52380952,61.48648649,53.43902439,83.925
38,50-60,3,51.74509804,5.782190371,37.01052632,36,65.42857143,65.05714286,51.74509804,74.78947368,44.79069767,48.66666667,23.13513514,41.19444444,30.23076923,48.72972973,79.975,19.48571429,55.8974359,42.92857143,23.35135135,27.82352941,47.68421053,25.44444444,72.30555556,37.6969697,27.33333333,32.42857143,44.375,27.10810811,33.89830508,3.972222222,68.78787879,18.36363636,46.02439024,70.80487805,55.92105263,11.29268293
39,50-60,31,59.26666667,6.624335301,34.82954545,26.70731707,63.40540541,38.1025641,59.26666667,51.63888889,49.55555556,52.11111111,35.4,44.925,40.09756098,32.30769231,46.91891892,34.14285714,41.42222222,32.16216216,19.41666667,51.89189189,38.81081081,15,57.25,45,8.351351351,30.14634146,32.35294118,17.3,28.45901639,6.5,72.84210526,10.45238095,40.08571429,27.72222222,49.42857143,77.44736842
40,50-60,48,51.87234043,5.351216933,49.47252747,31.02439024,61.7027027,54.28947368,51.87234043,85.125,46.41666667,57.44444444,56.69444444,46,64.95,42.43243243,50.27027027,16.90909091,48.21428571,58.35294118,19.38888889,62.83333333,69.81081081,24.17142857,64.72222222,57.1875,4.615384615,49.02777778,39.59459459,16.075,21.79661017,11.11428571,80.825,25.73170732,36.35135135,61.10810811,60.19444444,15.26190476
41,50-60,70,52.20930233,5.374357723,56.11111111,48.075,60.28947368,57.91891892,52.20930233,82.97727273,49.35135135,77.26829268,56.83783784,57.36111111,57.94871795,39.24242424,65.28571429,16.0625,56.07692308,29.08108108,10.61538462,19.15789474,53.38888889,31.12820513,67.77777778,39.6,0.945945946,13.21052632,12.16666667,11.02631579,10.35483871,6.081081081,92.55882353,24.86363636,35.65714286,66.43589744,64.78947368,91.08823529
42,50-60,79,56.17142857,7.176291498,68.73333333,34.52380952,44.65714286,63.29411765,56.17142857,27.075,29.25,54.29545455,76.69230769,40.29411765,70.65,50,60.10526316,57.58333333,26.28205128,48.89189189,10.41176471,37.52941176,70.46153846,25.84615385,63.26315789,68.08571429,1.075,11.31707317,8.45,9.564102564,12.4,4.75,93.525,16.23076923,45.65,53.67567568,64.88571429,41
43,50-60,83,58,7.819389819,68.80232558,41.02777778,51.54285714,61.34210526,58,19.18918919,49.76315789,63.04761905,69.54285714,52.2,68.60526316,51.61111111,69.1025641,64.97222222,42.38888889,26.11627907,9.6875,6.555555556,68.28947368,42.45945946,68.4,61.97142857,3.864864865,16.89473684,12.73529412,16.77272727,21.80357143,3.944444444,94,16.58974359,35.4,70.85714286,68.03125,24.92105263
44,50-60,90,59.04347826,5.513444262,59.52380952,33.5,47.65714286,60.18604651,59.04347826,44.33333333,68.075,44.65,63.05405405,31.63157895,61.92105263,43.93939394,62.17948718,22.39473684,33.87804878,45.56097561,31.44117647,63.10526316,59.47368421,24.30769231,48.58974359,56.17142857,64.14705882,40.72727273,54.5,53.05128205,61.30357143,15.24242424,40.59183673,15.97368421,55.30555556,62.97368421,67.77777778,20.43589744
45,50-60,158,50.05263158,7.700289108,52.15384615,35.05263158,47.77777778,58.65,50.05263158,26.40625,70.55555556,55.6,44.36842105,31.08108108,35.94285714,45.47222222,65.40540541,52.85,45.7,53.14705882,14.61538462,55.24324324,39.54054054,31.10526316,47.48648649,36.13513514,13.64102564,24.3,26.29411765,22.63157895,38.8974359,3.909090909,79.09090909,27.1025641,39.71111111,56.75609756,64,91.42424242
46,50-60,193,53.44444444,4.947983396,43.32989691,33.13513514,58.07894737,52,53.44444444,41.59459459,67.25,43.88888889,34.45714286,31.8974359,35.47222222,37.97435897,55.45945946,39.92307692,51.88888889,37.28947368,30.88571429,79.86486486,48.31578947,20.12820513,40.12121212,41.02941176,9.128205128,43.43589744,54.17142857,29.78947368,55,12.51282051,62.73809524,17.30555556,59.8,47.6097561,56.52777778,12.94736842
47,50-60,116,58.88571429,5.949648673,58.11267606,45.03030303,60.44117647,73.30952381,58.88571429,82.63157895,57.97297297,56.51428571,53.73913043,42.72222222,42.63888889,50.47222222,70.24242424,19.61111111,54.68571429,33.65,47.84210526,60.53846154,57.88571429,33.51351351,63.86486486,48.84210526,81.31428571,35.86111111,52,67.02439024,62.16216216,16.55263158,11.18518519,18.33333333,19.4,73.35294118,64.38888889,14.10810811
48,50-60,278,51.91891892,7.660788973,48.52808989,42.39393939,58.03030303,55.23529412,51.91891892,40.32432432,33,61,48.25714286,41.39393939,36.48571429,34.93939394,63.55263158,35.13888889,55,50.38888889,14.22222222,44.41666667,51.38888889,21.44117647,43.97142857,52.4,3.558823529,12.48648649,18.89189189,8.184210526,15.20588235,4.638888889,93.43589744,18.88235294,67,60.58823529,49.79487179,90.77777778
49,60-70,9,60.56818182,8.247332838,69.15957447,33.92105263,50.63157895,51.375,60.56818182,19.2972973,70,55.17948718,70.21212121,45.55263158,63.52380952,46.83783784,64.73684211,36.89189189,22.19512195,41.57894737,27,45.82051282,65.44117647,31.83333333,43.77142857,56.18181818,23.62162162,46.02777778,70.96969697,30.36842105,48.33333333,14.16216216,43.05263158,11.93023256,21.225,45.83783784,71.29268293,20.73170732
50,60-70,385,64.24390244,6.413971031,69.51764706,36.325,40.26315789,56.30555556,64.24390244,18.85714286,56.43243243,57.54054054,70.84615385,34.1875,57.64864865,44.94117647,68.46153846,39.66666667,28.65789474,17.1,39.38888889,45.48979592,69.42105263,35.42424242,41.38461538,51.83333333,84.76923077,30.48648649,48.40540541,64.76470588,62.28125,9.540540541,18.66666667,14.24324324,20.94736842,52.58823529,70.60465116,68.9
51,60-70,24,67.22727273,5.493605739,48.24175824,29.15789474,69.47222222,55.87179487,67.22727273,82,57.18604651,68.78947368,42.94736842,53.0952381,40.5,35.76470588,77.82857143,22.88235294,45.23529412,29.7027027,20.18421053,7.282051282,50,15.89473684,84.10526316,19.39473684,1.27027027,18,22.4,12.36585366,11.43076923,7.111111111,91.25714286,21,15.5,78.20512821,63.68421053,22.7804878
52,60-70,65,60.26829268,6.561342813,49.0952381,42.41176471,64.21212121,53.71428571,60.26829268,82.42105263,60.7,68.14634146,33.84848485,50.17073171,36.54545455,40.54054054,67.60526316,25.8,53.68421053,26.86111111,11.32352941,3.487179487,42.93939394,19.75675676,74.30769231,26.58974359,2.65,16.96969697,21.35135135,10.36363636,16.27586207,4.487179487,90.81081081,19.97435897,18.1,66.65,60.38461538,43.39393939
53,60-70,78,65.80555556,4.615622196,53.58064516,36.825,70.69230769,66.23076923,65.80555556,87.58536585,51.94117647,65.30952381,24.18604651,51.55,36.025,51.05555556,61.02777778,5.285714286,51.05882353,19.6097561,87.39393939,15.14705882,55.1875,22.58333333,43.11428571,57.625,5.307692308,54.81578947,21.94736842,27.83333333,15.55,98.35135135,1.473684211,6.756097561,11.91428571,74.76315789,74.75675676,19.61538462
54,60-70,427,66.18421053,6.86099537,49.13636364,34.81578947,57.34285714,56.18421053,66.18421053,29.93023256,34.37142857,59.62162162,21,31.16666667,19.14285714,50.35714286,66.31578947,36.76315789,58.44444444,28.36842105,9.058823529,13.42857143,57.8125,15.55882353,61.53125,30.34210526,9.888888889,23.97222222,17,12.8,11.58333333,1.35483871,90.71794872,13.13157895,31.13157895,37.11764706,59.94285714,78.75675676
55,60-70,95,65.02439024,7.195442324,65.70212766,32.16216216,42.10810811,48.75555556,65.02439024,27.89473684,31.75555556,53.13157895,81.36111111,30.67567568,78.18421053,66.85714286,66.93939394,42.24324324,32.83333333,46.22580645,14,29.22222222,69.10810811,27.52777778,54.27777778,41.65789474,5.441176471,23.56756757,17.09090909,14.19512195,15.82,2.685714286,88.94117647,15.025,42,48.88888889,69.09375,45.31578947
56,60-70,102,62.04651163,4.81047215,61.75949367,39.78947368,52.89473684,67.3902439,62.04651163,24.63888889,32.26470588,64.77777778,55.72093023,40.97058824,43.81081081,50.6969697,69,53.025,42.5,36.17647059,21.48648649,53.17142857,62.51428571,33.75,59.07692308,43.51282051,8.833333333,22.17142857,34.61764706,26.90697674,28.27777778,5.742857143,81.51020408,23.84210526,30.36363636,73.3125,73.17073171,10.27777778
57,60-70,123,62.51351351,8.989566859,44.05952381,39.45454545,61.97142857,62.15555556,62.51351351,60.94594595,29.94444444,53.45714286,23.775,39.5,27.58823529,52.43243243,63.13888889,27.71875,50.55263158,31.24444444,35.92105263,27.68292683,53.24242424,20.55263158,59.43589744,39.11111111,17.81081081,54.07894737,63.13513514,39.25,41.55813953,12.92105263,62.01960784,12.92105263,53.26666667,58.6,60.03030303,10.56097561
58,60-70,147,60.63888889,4.421717687,37.48148148,31.275,67.27272727,59.66666667,60.63888889,86.53846154,57,65.8974359,24.025,34.78947368,28.73684211,37.025,60.05555556,10.97368421,53.64705882,52.42424242,15.57142857,33.55555556,41.79487179,14.75675676,66.48571429,23.97297297,2.526315789,19.11904762,25.2972973,11.87179487,14.19444444,3.697674419,88.21276596,18.58823529,24.64444444,59.35897436,57,12.02702703
59,60-70,149,65.26190476,5.217510498,53.3875,37.07894737,70.66666667,62.95348837,65.26190476,90.19444444,64.6875,62.22222222,37.84615385,39.66666667,35.38461538,55.38888889,68.07894737,17.71428571,59.43243243,28.82857143,31.5,24.45945946,53.86111111,27.68421053,61.14285714,33.03030303,25.15384615,50.95121951,57.97297297,44.175,61.51282051,9.861111111,60.88636364,11.70731707,16.97826087,66.46511628,72.12121212,72.97435897
60,60-70,304,61.21621622,6.848094362,65.8021978,42.38709677,45.275,59.11111111,61.21621622,21.14285714,70.16666667,75.15,67.97619048,52.26315789,60.35,36.44444444,70.80487805,54.32352941,22.88888889,33.23684211,13.20588235,16.45714286,68.275,29.39473684,57.18918919,33.30555556,5.135135135,6.3125,8.189189189,6.621621622,6.351351351,2.277777778,92.13157895,24.65789474,24.51351351,68.54545455,82.39473684,33.44117647
61,20-30 (Repeat),4,24.77777778,7.02880078,,,,,,,,,,,,,,,,,,,,,,,,,,,,,,,,,,
62,20-30 (Repeat),15,21.475,3.882818828,,,,,,,,,,,,,,,,,,,,,,,,,,,,,,,,,,
63,30-40 (Repeat),2,31.3,5.845807847,,,,,,,,,,,,,,,,,,,,,,,,,,,,,,,,,,
64,30-40 (Repeat),7,30.07317073,5.135125334,,,,,,,,,,,,,,,,,,,,,,,,,,,,,,,,,,
65,40-50 (Repeat),5,44.53488372,6.337149867,,,,,,,,,,,,,,,,,,,,,,,,,,,,,,,,,,
66,40-50 (Repeat),6,43.59090909,6.807376921,,,,,,,,,,,,,,,,,,,,,,,,,,,,,,,,,,
67,50-60 (Repeat),1,50.40425532,5.940500544,,,,,,,,,,,,,,,,,,,,,,,,,,,,,,,,,,
68,50-60 (Repeat),79,56.17142857,7.176291498,,,,,,,,,,,,,,,,,,,,,,,,,,,,,,,,,,
69,60-70 (Repeat),9,60.56818182,8.247332838,,,,,,,,,,,,,,,,,,,,,,,,,,,,,,,,,,
70,60-70 (Repeat),24,67.22727273,5.493605739,,,,,,,,,,,,,,,,,,,,,,,,,,,,,,,,,,